case_id,Sector,Product,Attack_or_Vuln,Incident_Date,Severity,Source,attack_type_clean,attack_subtype_clean,Severity_clean,original_row,record_id,entity_id,exact_duplicate,risk_family_6,mapping_rule,mapping_confidence,mapping_status,Date_available,date_semantics,entity_type,Vendor,Platform,Product_normalized,Technology_context,y,input_invalid,true_class,predicted_class,predicted_id,correct,confidence_model,confidence_margin,ordinal_error,underestimate,p_low,p_low/medium,p_medium,p_medium/high,p_high,p_critical,unknown_Technology_context,unknown_Product_normalized,unknown_risk_family_6,train_profile_n,train_profile_n_labels,true_label_seen_in_train_profile,selection_seed
A01,saas,,resource hijacking: cloud service hijacking,25/09/2024,critical,mitre,remote_code_execution,remote_code_execution,critical,1943,56f0272baefb8d27ed08,a6aa0099ba06b9ba6ce3,False,Impact & Availability,mitre_parent:resource hijacking,alta,asignada,2024-09-25,fecha_fuente_no_verificada_como_incidente,tecnica_mitre,,saas,__NO_INFORMADO__,saas,5,False,critical,critical,5,True,0.9727285080175649,0.9537877677437586,0,False,0.00035940168674329913,0.00015545501751104823,0.018940740273806274,0.0073616706847825526,0.0004542243195918947,0.9727285080175649,False,False,False,61,3,True,42
A02,vmware,vcenter server,vmware vcenter server heap-based buffer overflow vulnerability,20/11/2024,high,cisa,memory_corruption,buffer_overflow,high,201,d85c4022876e8227e49d,1c95cefc6616cd9fe139,False,Memory & Software Safety,cisa_tipo:memory corruption,alta,asignada,2024-11-20,fecha_fuente_no_verificada_como_incidente,registro_vulnerabilidad,vmware,,vcenter server,vmware,4,False,high,high,4,True,0.682518786946116,0.369154377562695,0,False,0.001692520938461909,0.0007320802373260347,0.313364409383421,0.001680285624607107,0.682518786946116,1.1916870067791644e-05,False,False,False,274,2,True,42
A03,langflow,langflow,langflow missing authentication vulnerability,05/05/2025,medium/high,cisa,authentication issues,authentication issues,medium/high,87,91d164a2f84ac7f4db55,2eb998f75a9879ffe63a,False,"Identity, Access & Persistence",cisa_tipo:authentication issues,alta,asignada,2025-05-05,fecha_fuente_no_verificada_como_incidente,registro_vulnerabilidad,langflow,,langflow,langflow,3,False,medium/high,medium/high,3,True,0.7745865887834464,0.6398730744338614,0,False,0.005410689652818712,0.00025668144797247826,0.13471351434958498,0.7745865887834464,0.08502834748173768,4.178284439794789e-06,True,True,False,427,4,True,42
A04,google,chromium v8,google chromium v8 inappropriate implementation vulnerability,28/08/2024,medium,cisa,generic vulnerability,generic vulnerability,medium,260,9d9389e81fd6d105cdc1,4d9117e31f9e5228b2d4,False,,texto_insuficiente,pendiente,requiere_revision,2024-08-28,fecha_fuente_no_verificada_como_incidente,registro_vulnerabilidad,google,,chromium v8,google,2,False,medium,medium,2,True,0.9606274902912575,0.9471648673750693,0,False,0.010652202392893075,0.00460748619329983,0.9606274902912575,0.010575197118358415,0.013462622916188138,7.500108800265988e-05,False,False,False,28,1,True,42
A05,sitecore,cms and experience platform (xp),sitecore cms and experience platform (xp) deserialization vulnerability,26/03/2025,high,cisa,insecure_deserialization,insecure_deserialization,high,109,737e01d146dc968565c2,72ee3c347145b314bbc9,False,Code Execution & Injection,cisa_tipo:insecure deserialization,alta,asignada,2025-03-26,fecha_fuente_no_verificada_como_incidente,registro_vulnerabilidad,sitecore,,cms and experience platform (xp),sitecore,4,False,high,high,4,True,0.7739907970983877,0.6287781255196303,0,False,0.0011797340111531448,0.0005102802188382062,0.14521267157875742,0.07909821070408796,0.7739907970983877,8.306388775457434e-06,False,True,False,371,3,True,42
A06,cisco,nx-os,cisco nx-os command injection vulnerability,02/07/2024,high,cisa,injection,other_injection,high,292,603975ed24f6c72b27b1,54311d37ac85a33d3914,False,Code Execution & Injection,cisa_tipo:injection,alta,asignada,2024-07-02,fecha_fuente_no_verificada_como_incidente,registro_vulnerabilidad,cisco,,nx-os,cisco,4,False,high,high,4,True,0.7739907970983877,0.6287781255196303,0,False,0.0011797340111531448,0.0005102802188382062,0.14521267157875742,0.07909821070408796,0.7739907970983877,8.306388775457434e-06,False,True,False,371,3,True,42
A07,nice,linear emerge e3-series,nice linear emerge e3-series os command injection vulnerability,25/03/2024,high,cisa,injection,other_injection,high,327,6d3bda36a268c0ef5175,f169e020c893ef32e3be,False,Code Execution & Injection,cisa_tipo:injection,alta,asignada,2024-03-25,fecha_fuente_no_verificada_como_incidente,registro_vulnerabilidad,nice,,linear emerge e3-series,nice,4,False,high,high,4,True,0.7739907970983877,0.6287781255196303,0,False,0.0011797340111531448,0.0005102802188382062,0.14521267157875742,0.07909821070408796,0.7739907970983877,8.306388775457434e-06,True,True,False,371,3,True,42
A08,"linux, windows, macos",,exclusive control,31/01/2025,medium/high,mitre,exclusive control,exclusive control,medium/high,1659,4b3724c53daf7c2b7b40,83471edfb592d15d72dd,False,"Identity, Access & Persistence",mitre_parent:exclusive control,alta,asignada,2025-01-31,fecha_fuente_no_verificada_como_incidente,tecnica_mitre,,"linux, windows, macos",__NO_INFORMADO__,"linux, windows, macos",3,False,medium/high,medium/high,3,True,0.7745865887834464,0.6398730744338614,0,False,0.005410689652818712,0.00025668144797247826,0.13471351434958498,0.7745865887834464,0.08502834748173768,4.178284439794789e-06,False,False,False,427,4,True,42
E01,microsoft,exchange server,microsoft exchange server privilege escalation vulnerability,15/02/2024,medium,cisa,authentication issues,authentication issues,medium,339,51cb44dfcae4f06b7ffc,352b16020d396d8b8e0b,False,"Identity, Access & Persistence",cisa_tipo:authentication issues,alta,asignada,2024-02-15,fecha_fuente_no_verificada_como_incidente,registro_vulnerabilidad,microsoft,,exchange server,microsoft,2,False,medium,medium/high,3,False,0.7745865887834464,0.6398730744338614,1,False,0.005410689652818712,0.00025668144797247826,0.13471351434958498,0.7745865887834464,0.08502834748173768,4.178284439794789e-06,False,False,False,427,4,True,43
E02,linux,,hide artifacts: bind mounts,30/01/2025,medium/high,mitre,hide artifacts: bind mounts,hide artifacts: bind mounts,medium/high,1719,e3f9b3e7bb2327766995,076099d7ea81464b4496,False,Reconnaissance & Attack Operations,mitre_parent:hide artifacts,alta,asignada,2025-01-30,fecha_fuente_no_verificada_como_incidente,tecnica_mitre,,linux,__NO_INFORMADO__,linux,3,False,medium/high,low/medium,1,False,0.58337399770472,0.267267284005836,2,True,0.316106713698884,0.58337399770472,0.06172798162461445,0.03844573079425572,0.0003436616178294132,1.914559696310526e-06,False,False,False,229,4,True,43
E03,"esxi, linux, network devices, windows, macos",,hide infrastructure,13/02/2024,low,mitre,hide infrastructure,hide infrastructure,low,1733,eeab029147c639e500bd,74869f0bc6c3af11cfdf,False,Reconnaissance & Attack Operations,mitre_parent:hide infrastructure,alta,asignada,2024-02-13,fecha_fuente_no_verificada_como_incidente,tecnica_mitre,,"esxi, linux, network devices, windows, macos",__NO_INFORMADO__,"esxi, linux, network devices, windows, macos",0,False,low,low/medium,1,False,0.58337399770472,0.267267284005836,1,False,0.316106713698884,0.58337399770472,0.06172798162461445,0.03844573079425572,0.0003436616178294132,1.914559696310526e-06,False,False,False,229,4,True,43
E04,microsoft,windows,microsoft windows kernel privilege escalation vulnerability,13/08/2024,high,cisa,privilege escalation,privilege escalation,high,271,73ae73c1f7bc6b565254,e143cd4fb09b01661136,False,"Identity, Access & Persistence",cisa_tipo:privilege escalation,alta,asignada,2024-08-13,fecha_fuente_no_verificada_como_incidente,registro_vulnerabilidad,microsoft,,windows,microsoft,4,False,high,medium/high,3,False,0.7745865887834464,0.6398730744338614,1,True,0.005410689652818712,0.00025668144797247826,0.13471351434958498,0.7745865887834464,0.08502834748173768,4.178284439794789e-06,False,False,False,427,4,True,43
