candidate,modelo,ros,variante,folds,f1_macro_6_mean,f1_macro_6_std,accuracy_mean,ordinal_mae_mean,log_loss_mean
Logistic_Regression|ROS=False|v=1,Logistic_Regression,False,1,4,0.48526787273767785,0.24796480848834979,0.6566140737424624,0.5173568785665743,0.9378308705837475
XGBoost|ROS=True|v=1,XGBoost,True,1,4,0.4778405660869078,0.23253210952531717,0.6585622053699529,0.5940378879407989,0.8684622403448062
Logistic_Regression|ROS=True|v=1,Logistic_Regression,True,1,4,0.4577532244526023,0.26028633704050586,0.656584408474558,0.5241451683369112,0.9084298877989068
Logistic_Regression|ROS=True|v=2,Logistic_Regression,True,2,4,0.4526810440863079,0.2609826514336226,0.6534331479703563,0.5293972691772473,0.8632399454879298
XGBoost|ROS=False|v=1,XGBoost,False,1,4,0.44081108287864207,0.1912870442934806,0.6567522869224711,0.5193195057226999,0.9531074959570399
MLP|ROS=True|v=1,MLP,True,1,4,0.4338565781251418,0.20963155451125248,0.6156075716551062,0.6819842828016958,1.2282923991552994
Random_Forest|ROS=True|v=2,Random_Forest,True,2,4,0.43340978114139195,0.20216994266133642,0.6943971747877585,0.5316538521698795,0.9840160000499495
MLP|ROS=False|v=1,MLP,False,1,4,0.4198632692009041,0.24646878524472415,0.6108294408906053,0.6822843065339101,1.2127383471288338
BernoulliNB|ROS=True|v=2,BernoulliNB,True,2,4,0.41601915059269107,0.17051216520727758,0.6541376980830843,0.612935000701179,1.3663834101831807
BernoulliNB|ROS=True|v=1,BernoulliNB,True,1,4,0.4099315238479471,0.16802159299092903,0.6569710682732657,0.6089129971629217,1.2537335785399157
Extra_Trees|ROS=True|v=2,Extra_Trees,True,2,4,0.4055832401105301,0.2104251906611814,0.6162241372800725,0.6121889866344483,0.9372523572470811
Extra_Trees|ROS=True|v=1,Extra_Trees,True,1,4,0.40253051014727437,0.1614008440997813,0.662373180979709,0.5994474169642183,1.0332197570996036
Random_Forest|ROS=True|v=1,Random_Forest,True,1,4,0.3983473160243799,0.16426797355467962,0.6577153968134108,0.6083068818027852,1.0501200774879036
BernoulliNB|ROS=False|v=2,BernoulliNB,False,2,4,0.38579691702263164,0.13676766953495575,0.6521036045997346,0.6441273556919559,1.296036343043056
Logistic_Regression|ROS=False|v=2,Logistic_Regression,False,2,4,0.32485794286221653,0.18915511398831183,0.5844833119383825,0.5694477405853227,0.9306032451288118
Extra_Trees|ROS=False|v=2,Extra_Trees,False,2,4,0.268048169504613,0.15781822756288777,0.5280232279047691,0.6781662279802807,0.9854559648262788
BernoulliNB|ROS=False|v=1,BernoulliNB,False,1,4,0.26364040468421823,0.02926653414172091,0.6560885265531116,0.595863650338184,1.2540126351686876
Extra_Trees|ROS=False|v=1,Extra_Trees,False,1,4,0.19940382470364065,0.09850460609427363,0.5016245105230795,0.732014082911727,1.0449150822172635
Random_Forest|ROS=False|v=2,Random_Forest,False,2,4,0.18852380869185784,0.09197930423327402,0.49322114917854176,0.7419239679183611,1.044462859525517
Random_Forest|ROS=False|v=1,Random_Forest,False,1,4,0.17807515455445566,0.08363032801325736,0.48230230795784296,0.7637616503597588,1.0762262391111141
Baseline_mayoritaria|ROS=False|v=1,Baseline_mayoritaria,False,1,4,0.06568967986482338,0.054089612524189465,0.28479331398798285,0.8939025064454537,25.778661892196283
Baseline_prior|ROS=False|v=1,Baseline_prior,False,1,4,0.06568967986482338,0.054089612524189465,0.28479331398798285,0.8939025064454537,1.4606282104360788
