case_id,Sector,Product,Attack_or_Vuln,Incident_Date,Severity,Source,attack_type_clean,attack_subtype_clean,Severity_clean,original_row,record_id,entity_id,exact_duplicate,risk_family_6,mapping_rule,mapping_confidence,mapping_status,Date_available,date_semantics,entity_type,Vendor,Platform,Product_normalized,Technology_context,y,input_invalid,true_class,predicted_class,predicted_id,correct,confidence_model,confidence_margin,ordinal_error,underestimate,p_low,p_low/medium,p_medium,p_medium/high,p_high,p_critical,unknown_Technology_context,unknown_Product_normalized,unknown_risk_family_6,train_profile_n,train_profile_n_labels,true_label_seen_in_train_profile,contextual_predicted_class,contextual_correct,contextual_probability,selection_seed,ctx_p_low,ctx_p_low/medium,ctx_p_medium,ctx_p_medium/high,ctx_p_high,ctx_p_critical
CA01,saas,,resource hijacking: cloud service hijacking,25/09/2024,critical,mitre,remote_code_execution,remote_code_execution,critical,1943,56f0272baefb8d27ed08,a6aa0099ba06b9ba6ce3,False,Impact & Availability,mitre_parent:resource hijacking,alta,asignada,2024-09-25,fecha_fuente_no_verificada_como_incidente,tecnica_mitre,,saas,__NO_INFORMADO__,saas,5,False,critical,critical,5,True,0.9727285080175648,0.9537877677437586,0,False,0.0003594016867432,0.000155455017511,0.0189407402738062,0.0073616706847825,0.0004542243195918,0.9727285080175648,False,False,False,61,3,True,critical,True,0.6736423319093001,42,0.00964131468499963,0.005576804098237949,0.09041323960733606,0.2151142668367302,0.005612042863395948,0.6736423319093001
CA02,esxi,,server software component: vsphere installation bundles,27/03/2025,medium/high,mitre,server software component: vsphere installation bundles,server software component: vsphere installation bundles,medium/high,1976,97a360ff8e3ce1030415,f33ffa53edef76b4550b,False,"Identity, Access & Persistence",mitre_parent:server software component,alta,asignada,2025-03-27,fecha_fuente_no_verificada_como_incidente,tecnica_mitre,,esxi,__NO_INFORMADO__,esxi,3,False,medium/high,medium/high,3,True,0.7745865887834464,0.6398730744338614,0,False,0.0054106896528187,0.0002566814479724,0.1347135143495849,0.7745865887834464,0.0850283474817376,4.178284439794789e-06,True,False,False,427,4,True,medium/high,True,0.8620676062185769,42,0.007476187751629444,0.0014823258846360676,0.06031275967283363,0.8620676062185769,0.06389379704992051,0.0047673234224035336
CA03,nice,linear emerge e3-series,nice linear emerge e3-series os command injection vulnerability,25/03/2024,high,cisa,injection,other_injection,high,327,6d3bda36a268c0ef5175,f169e020c893ef32e3be,False,Code Execution & Injection,cisa_tipo:injection,alta,asignada,2024-03-25,fecha_fuente_no_verificada_como_incidente,registro_vulnerabilidad,nice,,linear emerge e3-series,nice,4,False,high,high,4,True,0.7739907970983877,0.6287781255196303,0,False,0.0011797340111531,0.0005102802188382,0.1452126715787574,0.0790982107040879,0.7739907970983877,8.306388775457434e-06,True,True,False,371,3,True,high,True,0.8545262517696717,42,0.00020151683652215433,0.0002195414317101472,0.12751028012658397,0.017452480566979296,0.8545262517696717,8.992926853293876e-05
CA04,gladinet,centrestack,gladinet centrestack and triofox use of hard-coded cryptographic key vulnerability,08/04/2025,medium,cisa,generic vulnerability,generic vulnerability,medium,103,0bf8808e67655ec84df7,d9b5237ee08d23c4aad2,False,"Identity, Access & Persistence",cisa_nombre:authentication|authorization|unauthorized access|privilege|credentials?|password|hard.coded|access control|permission|ownership|improper isolation|sandbox escape|session fixation|security feature bypass|protection mechanism|improper certificate|certificate validation|missing encryption|cryptographic|signature verification|integrity check|integrity verification|unprotected alternate channel|protection of alternate|spoofing|inadequate encryption strength|insecure direct object reference|dll side.loading|dll hijacking|uncontrolled search path,media,asignada,2025-04-08,fecha_fuente_no_verificada_como_incidente,registro_vulnerabilidad,gladinet,,centrestack,gladinet,2,False,medium,medium/high,3,False,0.7745865887834464,0.6398730744338614,1,False,0.0054106896528187,0.0002566814479724,0.1347135143495849,0.7745865887834464,0.0850283474817376,4.178284439794789e-06,True,True,False,427,4,True,medium,True,0.4299292317884938,42,0.000534293649854138,0.00022359300137534286,0.4299292317884938,0.24909248159249345,0.3200708669954198,0.00014953297236338007
CA05,"esxi, linux, network devices, windows, macos",,hide infrastructure,13/02/2024,low,mitre,hide infrastructure,hide infrastructure,low,1733,eeab029147c639e500bd,74869f0bc6c3af11cfdf,False,Reconnaissance & Attack Operations,mitre_parent:hide infrastructure,alta,asignada,2024-02-13,fecha_fuente_no_verificada_como_incidente,tecnica_mitre,,"esxi, linux, network devices, windows, macos",__NO_INFORMADO__,"esxi, linux, network devices, windows, macos",0,False,low,low/medium,1,False,0.58337399770472,0.267267284005836,1,False,0.316106713698884,0.58337399770472,0.0617279816246144,0.0384457307942557,0.0003436616178294,1.914559696310526e-06,False,False,False,229,4,True,low,True,0.47433501282255314,42,0.47433501282255314,0.013388179857764802,0.2557564039564726,0.2411564555638101,0.008031340113939371,0.007332607685460185
CA06,roundcube,webmail,roundcube webmail cross-site scripting (xss) vulnerability,26/06/2024,high,cisa,xss,cross_site_scripting,high,293,dfedb61629ea3b2767ad,e46a0fbd5c724f7449ee,False,Code Execution & Injection,cisa_tipo:xss,alta,asignada,2024-06-26,fecha_fuente_no_verificada_como_incidente,registro_vulnerabilidad,roundcube,,webmail,roundcube,4,False,high,high,4,True,0.7739907970983877,0.6287781255196303,0,False,0.0011797340111531,0.0005102802188382,0.1452126715787574,0.0790982107040879,0.7739907970983877,8.306388775457434e-06,False,True,False,371,3,True,high,True,0.8611752527001423,42,0.0001931714572411368,0.00021088089115964774,0.12211145105287831,0.016222701592956905,0.8611752527001423,8.654230562166574e-05
CA07,pre,,compromise infrastructure: network devices,28/03/2024,medium,mitre,compromise infrastructure: network devices,compromise infrastructure: network devices,medium,1540,62eb09cfe2f9b3f8ddd7,0aea8129fc8658b30dad,False,Reconnaissance & Attack Operations,mitre_parent:compromise infrastructure,alta,asignada,2024-03-28,fecha_fuente_no_verificada_como_incidente,tecnica_mitre,,pre,__NO_INFORMADO__,pre,2,False,medium,low/medium,1,False,0.58337399770472,0.267267284005836,1,True,0.316106713698884,0.58337399770472,0.0617279816246144,0.0384457307942557,0.0003436616178294,1.914559696310526e-06,False,False,False,229,4,True,medium,True,0.49932173942232383,42,0.012958419777174589,0.45793820072826796,0.49932173942232383,0.023524377755294295,0.003332957653391744,0.0029243046635475953
CA08,microsoft,windows,microsoft windows hyper-v nt kernel integration vsp use-after-free vulnerability,14/01/2025,high,cisa,use-after-free,use-after-free,high,170,2fe2f688869933e92f99,d0ca4abb0ec1dd41c538,False,Memory & Software Safety,cisa_tipo:use-after-free,alta,asignada,2025-01-14,fecha_fuente_no_verificada_como_incidente,registro_vulnerabilidad,microsoft,,windows,microsoft,4,False,high,high,4,True,0.682518786946116,0.369154377562695,0,False,0.0016925209384619,0.000732080237326,0.313364409383421,0.0016802856246071,0.682518786946116,1.1916870067791644e-05,False,False,False,274,2,True,high,True,0.9250477918389012,42,0.00019118320078405612,0.00013459044333585842,0.07348538779422538,0.0010628753842608176,0.9250477918389012,7.817133849286374e-05
CE01,microsoft,streaming service,microsoft streaming service untrusted pointer dereference vulnerability,29/02/2024,medium,cisa,generic vulnerability,generic vulnerability,medium,336,5a2b34fd034c2294f298,3eef221fc906c9e5f7d6,False,Memory & Software Safety,cisa_nombre:buffer overflow|memory corruption|out.of.bounds|use.after.free|type confusion|double.free|heap.based|stack.based|integer overflow|integer underflow|race condition|time.of.check|arbitrary read and write|uninitialized (memory|variable)|improper input validation|improper validation|improper resource (shutdown|release)|null pointer|memory initialization|memory leak|format string|untrusted pointer dereference|double dereference|out.of.range pointer|record corruption|insufficient (input|data) validation|invalid input|data validation|detection of error condition,media,asignada,2024-02-29,fecha_fuente_no_verificada_como_incidente,registro_vulnerabilidad,microsoft,,streaming service,microsoft,2,False,medium,high,4,False,0.682518786946116,0.369154377562695,2,False,0.0016925209384619,0.000732080237326,0.313364409383421,0.0016802856246071,0.682518786946116,1.1916870067791644e-05,False,True,False,274,2,True,high,False,0.8774338900440115,43,0.0003076868152675342,0.00021386361263220078,0.1193522222964984,0.0025692255939824497,0.8774338900440115,0.0001231116376077669
CE02,nuuo,nvrmini2 devices,nuuo nvrmini2 devices missing authentication vulnerability,18/12/2024,medium/high,cisa,authentication issues,authentication issues,medium/high,185,05703ce2c3ec0a3cec04,9d3ee5ee5d3b656355fe,False,"Identity, Access & Persistence",cisa_tipo:authentication issues,alta,asignada,2024-12-18,fecha_fuente_no_verificada_como_incidente,registro_vulnerabilidad,nuuo,,nvrmini2 devices,nuuo,3,False,medium/high,medium/high,3,True,0.7745865887834464,0.6398730744338614,0,False,0.0054106896528187,0.0002566814479724,0.1347135143495849,0.7745865887834464,0.0850283474817376,4.178284439794789e-06,True,True,False,427,4,True,medium,False,0.4299292317884938,43,0.000534293649854138,0.00022359300137534286,0.4299292317884938,0.24909248159249345,0.3200708669954198,0.00014953297236338007
CE03,"linux, network devices, windows, macos",,application layer protocol: publish/subscribe protocols,28/08/2024,low,mitre,application layer protocol: publish/subscribe protocols,application layer protocol: publish/subscribe protocols,low,1469,4b62ee056f52a5a9efc6,df78047a2b76d41a1ba6,False,Reconnaissance & Attack Operations,mitre_parent:application layer protocol,alta,asignada,2024-08-28,fecha_fuente_no_verificada_como_incidente,tecnica_mitre,,"linux, network devices, windows, macos",__NO_INFORMADO__,"linux, network devices, windows, macos",0,False,low,low/medium,1,False,0.58337399770472,0.267267284005836,1,False,0.316106713698884,0.58337399770472,0.0617279816246144,0.0384457307942557,0.0003436616178294,1.914559696310526e-06,False,False,False,229,4,True,medium/high,False,0.5509643656988612,43,0.10020333083968153,0.013869753964083506,0.3201068986671466,0.5509643656988612,0.0068181691148619635,0.008037481715365174
CE04,kingsoft,wps office,kingsoft wps office path traversal vulnerability,03/09/2024,high,cisa,path_traversal,path_traversal,high,257,c832ca39fa27325ba1b7,c5a54d6063d055fe2040,False,Data Collection & Exfiltration,cisa_tipo:path traversal,alta,asignada,2024-09-03,fecha_fuente_no_verificada_como_incidente,registro_vulnerabilidad,kingsoft,,wps office,kingsoft,4,False,high,low,0,False,0.5306305579740425,0.2014608647569469,4,True,0.5306305579740425,0.0569657237214598,0.3291696932170955,0.0084901883935038,0.0747318716185525,1.1965075345819812e-05,True,True,False,130,5,True,medium,False,0.7881085220096218,43,0.0035453649860264706,0.0014618487948009037,0.7881085220096218,0.004638396447587932,0.2021081963449793,0.00013767141698374153
