dataset,variable,nulos,porcentaje
original,Sector,0,0.0
original,Product,679,32.39503816793893
original,Attack_or_Vuln,0,0.0
original,Incident_Date,0,0.0
original,Severity,0,0.0
original,Source,0,0.0
original,attack_type_clean,0,0.0
original,attack_subtype_clean,0,0.0
original,Severity_clean,0,0.0
reconstruido,Sector,0,0.0
reconstruido,Product,679,34.22379032258065
reconstruido,Attack_or_Vuln,0,0.0
reconstruido,Incident_Date,0,0.0
reconstruido,Severity,0,0.0
reconstruido,Source,0,0.0
reconstruido,attack_type_clean,0,0.0
reconstruido,attack_subtype_clean,0,0.0
reconstruido,Severity_clean,0,0.0
reconstruido,original_row,0,0.0
reconstruido,record_id,0,0.0
reconstruido,entity_id,0,0.0
reconstruido,exact_duplicate,0,0.0
reconstruido,risk_family_6,42,2.1169354838709675
reconstruido,mapping_rule,0,0.0
reconstruido,mapping_confidence,0,0.0
reconstruido,mapping_status,0,0.0
reconstruido,Date_available,0,0.0
reconstruido,date_semantics,0,0.0
reconstruido,entity_type,0,0.0
reconstruido,Vendor,679,34.22379032258065
reconstruido,Platform,1305,65.77620967741936
reconstruido,Product_normalized,0,0.0
reconstruido,Technology_context,0,0.0
reconstruido,y,0,0.0
reconstruido,input_invalid,0,0.0
