case_id,explained_class,condicion,peso_lime,r2_local,p_model,p_surrogate,gap_absoluto,fondo_condicional_fuente,n_background
CA01,critical,risk_family_6=Impact & Availability,0.580384778613766,0.9133995433006813,0.6736423319093001,0.6063377270763555,0.06730460483294465,mitre,625
CA01,critical,Platform=saas,0.018757314825609064,0.9133995433006813,0.6736423319093001,0.6063377270763555,0.06730460483294465,mitre,625
CA01,critical,Vendor=__NO_INFORMADO__,0.0,0.9133995433006813,0.6736423319093001,0.6063377270763555,0.06730460483294465,mitre,625
CA01,critical,Product_normalized=__NO_INFORMADO__,0.0,0.9133995433006813,0.6736423319093001,0.6063377270763555,0.06730460483294465,mitre,625
CA02,medium/high,"risk_family_6=Identity, Access & Persistence",0.3757408631812195,0.3235473742970283,0.8620676062185769,0.8182733786088108,0.043794227609766145,mitre,625
CA02,medium/high,Platform=esxi,0.043794227609760816,0.3235473742970283,0.8620676062185769,0.8182733786088108,0.043794227609766145,mitre,625
CA02,medium/high,Vendor=__NO_INFORMADO__,0.0,0.3235473742970283,0.8620676062185769,0.8182733786088108,0.043794227609766145,mitre,625
CA02,medium/high,Product_normalized=__NO_INFORMADO__,0.0,0.3235473742970283,0.8620676062185769,0.8182733786088108,0.043794227609766145,mitre,625
CA03,high,risk_family_6=Code Execution & Injection,0.3518827183552265,0.37548947994022575,0.8545262517696717,0.855713504701315,0.0011872529316433456,cisa,895
CA03,high,Vendor=nice,-0.0011872529316420913,0.37548947994022575,0.8545262517696717,0.855713504701315,0.0011872529316433456,cisa,895
CA03,high,Product_normalized=linear emerge e3-series,-0.001187252931642089,0.37548947994022575,0.8545262517696717,0.855713504701315,0.0011872529316433456,cisa,895
CA03,high,Platform=__NO_INFORMADO__,0.0,0.37548947994022575,0.8545262517696717,0.855713504701315,0.0011872529316433456,cisa,895
CA04,medium,"risk_family_6=Identity, Access & Persistence",0.0858377175653689,0.022854925014322958,0.4299292317884938,0.41115888427324315,0.01877034751525064,cisa,895
CA04,medium,Vendor=gladinet,0.018770347515251008,0.022854925014322958,0.4299292317884938,0.41115888427324315,0.01877034751525064,cisa,895
CA04,medium,Product_normalized=centrestack,0.01877034751525098,0.022854925014322958,0.4299292317884938,0.41115888427324315,0.01877034751525064,cisa,895
CA04,medium,Platform=__NO_INFORMADO__,0.0,0.022854925014322958,0.4299292317884938,0.41115888427324315,0.01877034751525064,cisa,895
CA05,low,"Platform=esxi, linux, network devices, windows, macos",0.26837441574546966,0.20105864245988414,0.47433501282255314,0.3566759060983184,0.11765910672423474,mitre,625
CA05,low,risk_family_6=Reconnaissance & Attack Operations,0.050429937645812786,0.20105864245988414,0.47433501282255314,0.3566759060983184,0.11765910672423474,mitre,625
CA05,low,Vendor=__NO_INFORMADO__,0.0,0.20105864245988414,0.47433501282255314,0.3566759060983184,0.11765910672423474,mitre,625
CA05,low,Product_normalized=__NO_INFORMADO__,0.0,0.20105864245988414,0.47433501282255314,0.3566759060983184,0.11765910672423474,mitre,625
CA06,high,risk_family_6=Code Execution & Injection,0.3648349516301543,0.3813874635204213,0.8611752527001423,0.8832944641146333,0.022119211414491025,cisa,895
CA06,high,Vendor=roundcube,0.04475708062136719,0.3813874635204213,0.8611752527001423,0.8832944641146333,0.022119211414491025,cisa,895
CA06,high,Product_normalized=webmail,-0.022119211414486053,0.3813874635204213,0.8611752527001423,0.8832944641146333,0.022119211414491025,cisa,895
CA06,high,Platform=__NO_INFORMADO__,0.0,0.3813874635204213,0.8611752527001423,0.8832944641146333,0.022119211414491025,cisa,895
CA07,medium,Platform=pre,0.27483751936025336,0.4578064092986699,0.49932173942232383,0.5268007855699555,0.027479046147631636,mitre,625
CA07,medium,risk_family_6=Reconnaissance & Attack Operations,0.13444512447385407,0.4578064092986699,0.49932173942232383,0.5268007855699555,0.027479046147631636,mitre,625
CA07,medium,Vendor=__NO_INFORMADO__,0.0,0.4578064092986699,0.49932173942232383,0.5268007855699555,0.027479046147631636,mitre,625
CA07,medium,Product_normalized=__NO_INFORMADO__,0.0,0.4578064092986699,0.49932173942232383,0.5268007855699555,0.027479046147631636,mitre,625
CA08,high,risk_family_6=Memory & Software Safety,0.16715336100182793,0.1523695911648102,0.9250477918389012,0.9503314540836025,0.025283662244701355,cisa,895
CA08,high,Vendor=microsoft,0.14804644487122512,0.1523695911648102,0.9250477918389012,0.9503314540836025,0.025283662244701355,cisa,895
CA08,high,Product_normalized=windows,0.11157027535379144,0.1523695911648102,0.9250477918389012,0.9503314540836025,0.025283662244701355,cisa,895
CA08,high,Platform=__NO_INFORMADO__,0.0,0.1523695911648102,0.9250477918389012,0.9503314540836025,0.025283662244701355,cisa,895
CE01,high,Vendor=microsoft,0.17970639857045154,0.14381256064033865,0.8774338900440115,0.8715100186937605,0.005923871350250964,cisa,895
CE01,high,risk_family_6=Memory & Software Safety,0.15033182834819497,0.14381256064033865,0.8774338900440115,0.8715100186937605,0.005923871350250964,cisa,895
CE01,high,Product_normalized=streaming service,0.005923871350252224,0.14381256064033865,0.8774338900440115,0.8715100186937605,0.005923871350250964,cisa,895
CE01,high,Platform=__NO_INFORMADO__,0.0,0.14381256064033865,0.8774338900440115,0.8715100186937605,0.005923871350250964,cisa,895
CE01,medium,Vendor=microsoft,-0.15703209096297732,0.09578653530945658,0.1193522222964984,0.1322541147451389,0.012901892448640498,cisa,895
CE01,medium,risk_family_6=Memory & Software Safety,-0.060692132139225675,0.09578653530945658,0.1193522222964984,0.1322541147451389,0.012901892448640498,cisa,895
CE01,medium,Product_normalized=streaming service,-0.012901892448640928,0.09578653530945658,0.1193522222964984,0.1322541147451389,0.012901892448640498,cisa,895
CE01,medium,Platform=__NO_INFORMADO__,0.0,0.09578653530945658,0.1193522222964984,0.1322541147451389,0.012901892448640498,cisa,895
CE02,medium,"risk_family_6=Identity, Access & Persistence",0.07957896904185459,0.020529926996284642,0.4299292317884938,0.41182534945652416,0.018103882331969634,cisa,895
CE02,medium,Vendor=nuuo,0.018103882331969228,0.020529926996284642,0.4299292317884938,0.41182534945652416,0.018103882331969634,cisa,895
CE02,medium,Product_normalized=nvrmini2 devices,0.018103882331969225,0.020529926996284642,0.4299292317884938,0.41182534945652416,0.018103882331969634,cisa,895
CE02,medium,Platform=__NO_INFORMADO__,0.0,0.020529926996284642,0.4299292317884938,0.41182534945652416,0.018103882331969634,cisa,895
CE02,medium/high,"risk_family_6=Identity, Access & Persistence",0.2266062974656163,0.6649406380661582,0.24909248159249345,0.24769094029523278,0.0014015412972606667,cisa,895
CE02,medium/high,Vendor=nuuo,0.0014015412972583187,0.6649406380661582,0.24909248159249345,0.24769094029523278,0.0014015412972606667,cisa,895
CE02,medium/high,Product_normalized=nvrmini2 devices,0.0014015412972583079,0.6649406380661582,0.24909248159249345,0.24769094029523278,0.0014015412972606667,cisa,895
CE02,medium/high,Platform=__NO_INFORMADO__,0.0,0.6649406380661582,0.24909248159249345,0.24769094029523278,0.0014015412972606667,cisa,895
CE03,medium/high,"Platform=linux, network devices, windows, macos",0.04339052960242634,0.0036378796727102314,0.5509643656988612,0.5638569555823895,0.01289258988352826,mitre,625
CE03,medium/high,risk_family_6=Reconnaissance & Attack Operations,-0.036103438468781675,0.0036378796727102314,0.5509643656988612,0.5638569555823895,0.01289258988352826,mitre,625
CE03,medium/high,Vendor=__NO_INFORMADO__,0.0,0.0036378796727102314,0.5509643656988612,0.5638569555823895,0.01289258988352826,mitre,625
CE03,medium/high,Product_normalized=__NO_INFORMADO__,0.0,0.0036378796727102314,0.5509643656988612,0.5638569555823895,0.01289258988352826,mitre,625
CE03,low,risk_family_6=Reconnaissance & Attack Operations,0.04996500414088126,0.036457071078199066,0.10020333083968153,0.11146137028287337,0.011258039443191842,mitre,625
CE03,low,"Platform=linux, network devices, windows, macos",0.016541031389036398,0.036457071078199066,0.10020333083968153,0.11146137028287337,0.011258039443191842,mitre,625
CE03,low,Vendor=__NO_INFORMADO__,0.0,0.036457071078199066,0.10020333083968153,0.11146137028287337,0.011258039443191842,mitre,625
CE03,low,Product_normalized=__NO_INFORMADO__,0.0,0.036457071078199066,0.10020333083968153,0.11146137028287337,0.011258039443191842,mitre,625
CE04,medium,risk_family_6=Data Collection & Exfiltration,0.42943672040040687,0.26494454671584977,0.7881085220096218,0.7605349500856516,0.02757357192397014,cisa,895
CE04,medium,Vendor=kingsoft,0.02757357192396769,0.26494454671584977,0.7881085220096218,0.7605349500856516,0.02757357192397014,cisa,895
CE04,medium,Product_normalized=wps office,0.027573571923967612,0.26494454671584977,0.7881085220096218,0.7605349500856516,0.02757357192397014,cisa,895
CE04,medium,Platform=__NO_INFORMADO__,0.0,0.26494454671584977,0.7881085220096218,0.7605349500856516,0.02757357192397014,cisa,895
CE04,high,risk_family_6=Data Collection & Exfiltration,-0.36533872621703495,0.14822296062970486,0.2021081963449793,0.22940629008362778,0.02729809373864847,cisa,895
CE04,high,Vendor=kingsoft,-0.027298093738646955,0.14822296062970486,0.2021081963449793,0.22940629008362778,0.02729809373864847,cisa,895
CE04,high,Product_normalized=wps office,-0.027298093738646893,0.14822296062970486,0.2021081963449793,0.22940629008362778,0.02729809373864847,cisa,895
CE04,high,Platform=__NO_INFORMADO__,0.0,0.14822296062970486,0.2021081963449793,0.22940629008362778,0.02729809373864847,cisa,895
