case_id,feature,peso_medio,peso_std,min_peso,max_peso,r2_medio,signo_estable
CA01,Platform,0.018538270875418157,0.01246723240554423,0.007590245234661358,0.03966690224362203,0.9150666494980204,True
CA01,Product_normalized,0.0,0.0,0.0,0.0,0.9150666494980204,False
CA01,Vendor,0.0,0.0,0.0,0.0,0.9150666494980204,False
CA01,risk_family_6,0.5783562421569164,0.012719645000251521,0.5602359537179425,0.5905310142737622,0.9150666494980204,True
CA02,Platform,0.046696908904029576,0.0015630924098176673,0.04448721207097365,0.04880483541442602,0.31769168630750666,True
CA02,Product_normalized,0.0,0.0,0.0,0.0,0.31769168630750666,False
CA02,Vendor,0.0,0.0,0.0,0.0,0.31769168630750666,False
CA02,risk_family_6,0.37365751522054885,0.003049134400280175,0.3690281014863932,0.3772502363372543,0.31769168630750666,True
CA03,Platform,0.0,0.0,0.0,0.0,0.37272960095337204,False
CA03,Product_normalized,-3.350232260317691e-05,0.000898847490134712,-0.0011163473602223573,0.0012201050200170334,0.37272960095337204,False
CA03,Vendor,-3.35023226031626e-05,0.0008988474901347094,-0.001116347360222336,0.0012201050200170414,0.37272960095337204,False
CA03,risk_family_6,0.354453967411553,0.005728356104394673,0.3474332791256197,0.36277687796238295,0.37272960095337204,True
CA04,Platform,0.0,0.0,0.0,0.0,0.022038170486998677,False
CA04,Product_normalized,0.017587218133791466,0.0026603777166047215,0.015181870266749362,0.021670529634635782,0.022038170486998677,True
CA04,Vendor,0.017587218133791473,0.0026603777166047224,0.015181870266749373,0.021670529634635793,0.022038170486998677,True
CA04,risk_family_6,0.08332014285185035,0.01002613070614882,0.06973073429238047,0.09400501917158878,0.022038170486998677,True
CA05,Platform,0.2452428766688189,0.019611046859914872,0.23120337992877854,0.2780211913094203,0.2023066971742252,True
CA05,Product_normalized,0.0,0.0,0.0,0.0,0.2023066971742252,False
CA05,Vendor,0.0,0.0,0.0,0.0,0.2023066971742252,False
CA05,risk_family_6,0.05465063611399053,0.0038208850062903606,0.050178523961923224,0.059207942697800546,0.2023066971742252,True
CA06,Platform,0.0,0.0,0.0,0.0,0.37326272253001724,False
CA06,Product_normalized,0.027059786589303803,0.03619519480334994,-0.034342890733515055,0.05747525429319529,0.37326272253001724,False
CA06,Vendor,-0.047705788835416395,0.07069840472218736,-0.10479200150954945,0.07245012813123665,0.37326272253001724,False
CA06,risk_family_6,0.3543781886529603,0.00578043178697928,0.3470597598887757,0.36266868566513377,0.37326272253001724,True
CA07,Platform,0.27504340253651616,0.0024441831541698765,0.27207119603554797,0.27812549491560934,0.4522130878254938,True
CA07,Product_normalized,0.0,0.0,0.0,0.0,0.4522130878254938,False
CA07,Vendor,0.0,0.0,0.0,0.0,0.4522130878254938,False
CA07,risk_family_6,0.13484107980763727,0.0019553091378056607,0.13226505090664847,0.13775282245811796,0.4522130878254938,True
CA08,Platform,0.0,0.0,0.0,0.0,0.14444815642380035,False
CA08,Product_normalized,0.1056496762354174,0.013910473226348382,0.08785474619854476,0.1181940547691488,0.14444815642380035,True
CA08,Vendor,0.1502179842749377,0.014080228984536234,0.12790177433555544,0.16327571790483142,0.14444815642380035,True
CA08,risk_family_6,0.15698023652059204,0.0066367270365854875,0.14946029608375644,0.1673445221909693,0.14444815642380035,True
CE01,Platform,0.0,0.0,0.0,0.0,0.13003618658983382,False
CE01,Product_normalized,0.015843020456572463,0.0061215604700129685,0.011621738709418624,0.02659712810260667,0.13003618658983382,True
CE01,Vendor,0.1502443877050519,0.015456299296907805,0.12505212568401516,0.16335894170878837,0.13003618658983382,True
CE01,risk_family_6,0.1579769567405484,0.006439198987663318,0.15032457423046297,0.1666126894874303,0.13003618658983382,True
CE02,Platform,0.0,0.0,0.0,0.0,0.022038170486998677,False
CE02,Product_normalized,0.017587218133791466,0.0026603777166047215,0.015181870266749362,0.021670529634635782,0.022038170486998677,True
CE02,Vendor,0.017587218133791473,0.0026603777166047224,0.015181870266749373,0.021670529634635793,0.022038170486998677,True
CE02,risk_family_6,0.08332014285185035,0.01002613070614882,0.06973073429238047,0.09400501917158878,0.022038170486998677,True
CE03,Platform,0.04194035746047715,0.03953837047172514,-0.020537699912247024,0.0787108787755671,0.003952807910100731,False
CE03,Product_normalized,0.0,0.0,0.0,0.0,0.003952807910100731,False
CE03,Vendor,0.0,0.0,0.0,0.0,0.003952807910100731,False
CE03,risk_family_6,-0.03323130230177742,0.011506303236517367,-0.053138623212555774,-0.025357960643895335,0.003952807910100731,True
CE04,Platform,0.0,0.0,0.0,0.0,0.25139646769872137,False
CE04,Product_normalized,0.03171013738490503,0.005287432331181501,0.02539789772799721,0.03648303289963134,0.25139646769872137,True
CE04,Vendor,0.031710137384905,0.005287432331181523,0.02539789772799716,0.03648303289963129,0.25139646769872137,True
CE04,risk_family_6,0.4161160459953145,0.01896320972588398,0.400462996309271,0.4402202522574525,0.25139646769872137,True
