clase,precision,recall,f1-score,support
low,0.5,0.2,0.2857142857142857,5.0
low/medium,0.0,0.0,0.0,0.0
medium,0.603448275862069,0.5035971223021583,0.5490196078431373,139.0
medium/high,0.717948717948718,0.49122807017543857,0.5833333333333334,57.0
high,0.6837606837606838,0.8421052631578947,0.7547169811320755,190.0
critical,1.0,1.0,1.0,6.0
accuracy,0.6675062972292192,0.6675062972292192,0.6675062972292192,0.6675062972292192
macro avg,0.5841929462619118,0.5061550759392486,0.5287973680038053,397.0
weighted avg,0.6630149047416485,0.6675062972292192,0.6558904869870577,397.0
