Posición,Modelo,ROS,Variante,Folds completos,Accuracy CV,Precision Macro CV,Recall Macro CV,F1 Macro CV (6 clases),F1 Macro desviación,F1 Weighted CV,Seleccionado,Estado
1,BernoulliNB,Sí,1,4/4,0.5848632296307483,0.36177737342176725,0.48667219579484455,0.2879071322594945,0.0385958430475914,0.5761399588288352,MEJOR MODELO,Completo
2,Extra_Trees,Sí,1,4/4,0.5848632296307483,0.36177737342176725,0.48667219579484455,0.2879071322594945,0.0385958430475914,0.5761399588288352,,Completo
3,Random_Forest,Sí,1,4/4,0.5848632296307483,0.36177737342176725,0.48667219579484455,0.2879071322594945,0.0385958430475914,0.5761399588288352,,Completo
4,XGBoost,Sí,1,4/4,0.549040058899041,0.35749276840998395,0.48488990487703953,0.2868906165907607,0.0404005950118945,0.5565518765087634,,Completo
5,Logistic_Regression,Sí,1,4/4,0.5276985954844069,0.35672053921747915,0.47206939205652676,0.2707613227986871,0.0707147992939761,0.5411365184672934,,Completo
6,MLP,Sí,1,4/4,0.5276985954844069,0.35672053921747915,0.47206939205652676,0.2707613227986871,0.0707147992939761,0.5411365184672934,,Completo
7,Baseline_mayoritaria,No,1,4/4,0.2847933139879828,0.04746555233133044,0.1666666666666666,0.0656896798648233,0.0540896125241894,0.17544854878702548,,Completo
8,Baseline_prior,No,1,4/4,0.2847933139879828,0.04746555233133044,0.1666666666666666,0.0656896798648233,0.0540896125241894,0.17544854878702548,,Completo
—,Linear_SVC_temporal,—,—,3/4,,,,,,,,No elegible: validación incompleta
